{
  "version": 1,
  "size": {
    "x": 128,
    "y": 128
  },
  "states": [
    {
      "name": "animated",
      "delays": [
        [
          0.120000005,
          0.120000005,
          0.120000005,
          0.120000005,
          0.120000005,
          0.120000005,
          0.120000005,
          0.120000005,
          0.120000005
        ]
      ]
    }
  ]
}
